<?xml version="1.0" encoding="UTF-8" ?>
<!-- This is a WordPress eXtended RSS file generated by WordPress as an export of your site. -->
<!-- It contains information about your site's posts, pages, comments, categories, and other content. -->
<!-- You may use this file to transfer that content from one site to another. -->
<!-- This file is not intended to serve as a complete backup of your site. -->

<!-- To import this information into a WordPress site follow these steps: -->
<!-- 1. Log in to that site as an administrator. -->
<!-- 2. Go to Tools: Import in the WordPress admin panel. -->
<!-- 3. Install the "WordPress" importer from the list. -->
<!-- 4. Activate & Run Importer. -->
<!-- 5. Upload this file using the form provided on that page. -->
<!-- 6. You will first be asked to map the authors in this export file to users -->
<!--    on the site. For each author, you may choose to map to an -->
<!--    existing user on the site or to create a new user. -->
<!-- 7. WordPress will then import each of the posts, pages, comments, categories, etc. -->
<!--    contained in this file into your site. -->

<!-- generator="WordPress/3.8.1" created="2014-02-21 12:38" -->
<rss version="2.0"
	xmlns:excerpt="http://wordpress.org/export/1.2/excerpt/"
	xmlns:content="http://purl.org/rss/1.0/modules/content/"
	xmlns:wfw="http://wellformedweb.org/CommentAPI/"
	xmlns:dc="http://purl.org/dc/elements/1.1/"
	xmlns:wp="http://wordpress.org/export/1.2/"
>

<channel>
	<title>Agile Multi-Purpose WordPress Theme</title>
	<link>http://portfoliotheme.org/agile</link>
	<description>Just another WordPress site</description>
	<pubDate>Fri, 21 Feb 2014 12:38:26 +0000</pubDate>
	<language>en-US</language>
	<wp:wxr_version>1.2</wp:wxr_version>
	<wp:base_site_url>http://portfoliotheme.org/agile</wp:base_site_url>
	<wp:base_blog_url>http://portfoliotheme.org/agile</wp:base_blog_url>

	<wp:author><wp:author_id>1</wp:author_id><wp:author_login>livemesh</wp:author_login><wp:author_email>portfoliothemes@gmail.com</wp:author_email><wp:author_display_name><![CDATA[livemesh]]></wp:author_display_name><wp:author_first_name><![CDATA[Hello]]></wp:author_first_name><wp:author_last_name><![CDATA[Ninja]]></wp:author_last_name></wp:author>


	<generator>http://wordpress.org/?v=3.8.1</generator>

	<item>
				<title>Default CF7 Plugin Form</title>
		<link>http://portfoliotheme.org/agile/?post_type=wpcf7_contact_form&#038;p=5546</link>
		<pubDate>Fri, 14 Feb 2014 12:41:25 +0000</pubDate>
		<dc:creator><![CDATA[livemesh]]></dc:creator>
		<guid isPermaLink="false">http://localhost:8888/wp32dev/?post_type=wpcf7_contact_form&#038;p=5120</guid>
		<description></description>
		<content:encoded><![CDATA[<p>Your Name (required)<br />
    [text* your-name] </p>

<p>Your Email (required)<br />
    [email* your-email] </p>

<p>Subject<br />
    [text your-subject] </p>

<p>Your Message<br />
    [textarea your-message] </p>

<p>[submit "Send"]</p>
[your-subject]
[your-name] <[your-email]>
From: [your-name] <[your-email]>
Subject: [your-subject]

Message Body:
[your-message]

--
This e-mail was sent from a contact form on Agile WordPress Theme (http://portfoliotheme.org/agile)
my-email@mydomain.com




[your-subject]
[your-name] <[your-email]>
Message Body:
[your-message]

--
This e-mail was sent from a contact form on Agile WordPress Theme (http://localhost:8888/wp32dev)
[your-email]



Your message was sent successfully. Thanks.
Failed to send your message. Please try later or contact the administrator by another method.
Validation errors occurred. Please confirm the fields and submit it again.
Failed to send your message. Please try later or contact the administrator by another method.
Please accept the terms to proceed.
Please fill the required field.
Your entered code is incorrect.
Number format seems invalid.
This number is too small.
This number is too large.
Email address seems invalid.
URL seems invalid.
Telephone number seems invalid.
Your answer is not correct.
Date format seems invalid.
This date is too early.
This date is too late.
Failed to upload file.
This file type is not allowed.
This file is too large.
Failed to upload file. Error occurred.]]></content:encoded>
		<excerpt:encoded><![CDATA[]]></excerpt:encoded>
		<wp:post_id>5546</wp:post_id>
		<wp:post_date>2014-02-14 12:41:25</wp:post_date>
		<wp:post_date_gmt>2014-02-14 12:41:25</wp:post_date_gmt>
		<wp:comment_status>open</wp:comment_status>
		<wp:ping_status>open</wp:ping_status>
		<wp:post_name>contact-form-1</wp:post_name>
		<wp:status>publish</wp:status>
		<wp:post_parent>0</wp:post_parent>
		<wp:menu_order>0</wp:menu_order>
		<wp:post_type>wpcf7_contact_form</wp:post_type>
		<wp:post_password></wp:post_password>
		<wp:is_sticky>0</wp:is_sticky>
		<wp:postmeta>
			<wp:meta_key>_form</wp:meta_key>
			<wp:meta_value><![CDATA[<p>Your Name (required)<br />
    [text* your-name] </p>

<p>Your Email (required)<br />
    [email* your-email] </p>

<p>Subject<br />
    [text your-subject] </p>

<p>Your Message<br />
    [textarea your-message] </p>

<p>[submit "Send"]</p>]]></wp:meta_value>
		</wp:postmeta>
		<wp:postmeta>
			<wp:meta_key>_mail</wp:meta_key>
			<wp:meta_value><![CDATA[a:7:{s:7:"subject";s:14:"[your-subject]";s:6:"sender";s:26:"[your-name] <[your-email]>";s:4:"body";s:190:"From: [your-name] <[your-email]>
Subject: [your-subject]

Message Body:
[your-message]

--
This e-mail was sent from a contact form on Agile WordPress Theme (http://portfoliotheme.org/agile)";s:9:"recipient";s:21:"my-email@mydomain.com";s:18:"additional_headers";s:0:"";s:11:"attachments";s:0:"";s:8:"use_html";b:0;}]]></wp:meta_value>
		</wp:postmeta>
		<wp:postmeta>
			<wp:meta_key>_mail_2</wp:meta_key>
			<wp:meta_value><![CDATA[a:8:{s:6:"active";b:0;s:7:"subject";s:14:"[your-subject]";s:6:"sender";s:26:"[your-name] <[your-email]>";s:4:"body";s:130:"Message Body:
[your-message]

--
This e-mail was sent from a contact form on Agile WordPress Theme (http://localhost:8888/wp32dev)";s:9:"recipient";s:12:"[your-email]";s:18:"additional_headers";s:0:"";s:11:"attachments";s:0:"";s:8:"use_html";b:0;}]]></wp:meta_value>
		</wp:postmeta>
		<wp:postmeta>
			<wp:meta_key>_messages</wp:meta_key>
			<wp:meta_value><![CDATA[a:21:{s:12:"mail_sent_ok";s:43:"Your message was sent successfully. Thanks.";s:12:"mail_sent_ng";s:93:"Failed to send your message. Please try later or contact the administrator by another method.";s:16:"validation_error";s:74:"Validation errors occurred. Please confirm the fields and submit it again.";s:4:"spam";s:93:"Failed to send your message. Please try later or contact the administrator by another method.";s:12:"accept_terms";s:35:"Please accept the terms to proceed.";s:16:"invalid_required";s:31:"Please fill the required field.";s:17:"captcha_not_match";s:31:"Your entered code is incorrect.";s:14:"invalid_number";s:28:"Number format seems invalid.";s:16:"number_too_small";s:25:"This number is too small.";s:16:"number_too_large";s:25:"This number is too large.";s:13:"invalid_email";s:28:"Email address seems invalid.";s:11:"invalid_url";s:18:"URL seems invalid.";s:11:"invalid_tel";s:31:"Telephone number seems invalid.";s:23:"quiz_answer_not_correct";s:27:"Your answer is not correct.";s:12:"invalid_date";s:26:"Date format seems invalid.";s:14:"date_too_early";s:23:"This date is too early.";s:13:"date_too_late";s:22:"This date is too late.";s:13:"upload_failed";s:22:"Failed to upload file.";s:24:"upload_file_type_invalid";s:30:"This file type is not allowed.";s:21:"upload_file_too_large";s:23:"This file is too large.";s:23:"upload_failed_php_error";s:38:"Failed to upload file. Error occurred.";}]]></wp:meta_value>
		</wp:postmeta>
		<wp:postmeta>
			<wp:meta_key>_additional_settings</wp:meta_key>
			<wp:meta_value><![CDATA[]]></wp:meta_value>
		</wp:postmeta>
		<wp:postmeta>
			<wp:meta_key>_locale</wp:meta_key>
			<wp:meta_value><![CDATA[en_US]]></wp:meta_value>
		</wp:postmeta>
	</item>
	<item>
				<title>Agile Theme Contact Form</title>
		<link>http://portfoliotheme.org/agile/?post_type=wpcf7_contact_form&#038;p=5548</link>
		<pubDate>Fri, 21 Feb 2014 08:22:32 +0000</pubDate>
		<dc:creator><![CDATA[livemesh]]></dc:creator>
		<guid isPermaLink="false">http://localhost:8888/wp32dev/?post_type=wpcf7_contact_form&#038;p=5192</guid>
		<description></description>
		<content:encoded><![CDATA[[text* contact_name placeholder "Name:"]

[email* contact_email placeholder "Email:"]

[tel* contact_phone placeholder "Phone:"]

[url contact_url placeholder "URL:"]

<p class="full-width text-area">[textarea contact_message 40x6 placeholder "Message:"]</p>

<p class="full-width">[submit class:button class:large class:default "Send the message"]</p>

<div class="clear"></div>
Message from [contact_name]
[contact_name] <[contact_email]>
Hello,

[contact_message]

[contact_name]
Ph: [contact_phone]
[contact_url]
--
This e-mail was sent from a contact form on Agile WordPress Theme (http://portfoliotheme.org/agile)
myemail@mydomain.com




[your-subject]
[your-name] <[your-email]>
Message Body:
[your-message]

--
This e-mail was sent from a contact form on Agile WordPress Theme (http://localhost:8888/wp32dev)
[your-email]



Your message was sent successfully. Thanks.
Failed to send your message. Please try later or contact the administrator by another method.
Validation errors occurred. Please confirm the fields and submit it again.
Failed to send your message. Please try later or contact the administrator by another method.
Please accept the terms to proceed.
Please fill the required field.
Your entered code is incorrect.
Number format seems invalid.
This number is too small.
This number is too large.
Email address seems invalid.
URL seems invalid.
Telephone number seems invalid.
Your answer is not correct.
Date format seems invalid.
This date is too early.
This date is too late.
Failed to upload file.
This file type is not allowed.
This file is too large.
Failed to upload file. Error occurred.]]></content:encoded>
		<excerpt:encoded><![CDATA[]]></excerpt:encoded>
		<wp:post_id>5548</wp:post_id>
		<wp:post_date>2014-02-21 08:22:32</wp:post_date>
		<wp:post_date_gmt>2014-02-21 08:22:32</wp:post_date_gmt>
		<wp:comment_status>open</wp:comment_status>
		<wp:ping_status>open</wp:ping_status>
		<wp:post_name>contact-form-2_copy</wp:post_name>
		<wp:status>publish</wp:status>
		<wp:post_parent>0</wp:post_parent>
		<wp:menu_order>0</wp:menu_order>
		<wp:post_type>wpcf7_contact_form</wp:post_type>
		<wp:post_password></wp:post_password>
		<wp:is_sticky>0</wp:is_sticky>
		<wp:postmeta>
			<wp:meta_key>_messages</wp:meta_key>
			<wp:meta_value><![CDATA[a:21:{s:12:"mail_sent_ok";s:43:"Your message was sent successfully. Thanks.";s:12:"mail_sent_ng";s:93:"Failed to send your message. Please try later or contact the administrator by another method.";s:16:"validation_error";s:74:"Validation errors occurred. Please confirm the fields and submit it again.";s:4:"spam";s:93:"Failed to send your message. Please try later or contact the administrator by another method.";s:12:"accept_terms";s:35:"Please accept the terms to proceed.";s:16:"invalid_required";s:31:"Please fill the required field.";s:17:"captcha_not_match";s:31:"Your entered code is incorrect.";s:14:"invalid_number";s:28:"Number format seems invalid.";s:16:"number_too_small";s:25:"This number is too small.";s:16:"number_too_large";s:25:"This number is too large.";s:13:"invalid_email";s:28:"Email address seems invalid.";s:11:"invalid_url";s:18:"URL seems invalid.";s:11:"invalid_tel";s:31:"Telephone number seems invalid.";s:23:"quiz_answer_not_correct";s:27:"Your answer is not correct.";s:12:"invalid_date";s:26:"Date format seems invalid.";s:14:"date_too_early";s:23:"This date is too early.";s:13:"date_too_late";s:22:"This date is too late.";s:13:"upload_failed";s:22:"Failed to upload file.";s:24:"upload_file_type_invalid";s:30:"This file type is not allowed.";s:21:"upload_file_too_large";s:23:"This file is too large.";s:23:"upload_failed_php_error";s:38:"Failed to upload file. Error occurred.";}]]></wp:meta_value>
		</wp:postmeta>
		<wp:postmeta>
			<wp:meta_key>_mail_2</wp:meta_key>
			<wp:meta_value><![CDATA[a:8:{s:6:"active";b:0;s:7:"subject";s:14:"[your-subject]";s:6:"sender";s:26:"[your-name] <[your-email]>";s:4:"body";s:130:"Message Body:
[your-message]

--
This e-mail was sent from a contact form on Agile WordPress Theme (http://localhost:8888/wp32dev)";s:9:"recipient";s:12:"[your-email]";s:18:"additional_headers";s:0:"";s:11:"attachments";s:0:"";s:8:"use_html";b:0;}]]></wp:meta_value>
		</wp:postmeta>
		<wp:postmeta>
			<wp:meta_key>_mail</wp:meta_key>
			<wp:meta_value><![CDATA[a:7:{s:7:"subject";s:27:"Message from [contact_name]";s:6:"sender";s:32:"[contact_name] <[contact_email]>";s:4:"body";s:178:"Hello,

[contact_message]

[contact_name]
Ph: [contact_phone]
[contact_url]
--
This e-mail was sent from a contact form on Agile WordPress Theme (http://portfoliotheme.org/agile)";s:9:"recipient";s:20:"myemail@mydomain.com";s:18:"additional_headers";s:0:"";s:11:"attachments";s:0:"";s:8:"use_html";b:0;}]]></wp:meta_value>
		</wp:postmeta>
		<wp:postmeta>
			<wp:meta_key>_form</wp:meta_key>
			<wp:meta_value><![CDATA[[text* contact_name placeholder "Name:"]

[email* contact_email placeholder "Email:"]

[tel* contact_phone placeholder "Phone:"]

[url contact_url placeholder "URL:"]

<p class="full-width text-area">[textarea contact_message 40x6 placeholder "Message:"]</p>

<p class="full-width">[submit class:button class:large class:default "Send the message"]</p>

<div class="clear"></div>]]></wp:meta_value>
		</wp:postmeta>
		<wp:postmeta>
			<wp:meta_key>_additional_settings</wp:meta_key>
			<wp:meta_value><![CDATA[]]></wp:meta_value>
		</wp:postmeta>
		<wp:postmeta>
			<wp:meta_key>_locale</wp:meta_key>
			<wp:meta_value><![CDATA[en_US]]></wp:meta_value>
		</wp:postmeta>
	</item>
</channel>
</rss>
